Variable,Gini_Index
Residuos,0.0035971223021582736
Telecomunicaciones,0.199928736256278
Movilidad,0.2817007932115846
Electricidad,0.29098331123862115
